INSERT INTO CATEGORY (CATEGORYNAME)
VALUES
    ('스피커'),
    ('엠프'), 
    ('헤드폰');
    
    
INSERT INTO CATEGORYDETAIL (CATEGORYDETAILNAME, CATEGORYNUM)
VALUES
    ('북쉘프 스피커', 1),
    ('톨보이 스피커', 1),
    ('네트워크 엠프', 2),
    ('인티 엠프', 2),
    ('헤드폰', 3),
    ('이어폰', 3); 



INSERT INTO PRODUCT (PRODUCTNAME, COMPANY, PRODUCTPRICE, PRODUCTEXPLAIN, CATEGORYNUM, CATEGORYDETAILNUM)
VALUES
    ("AUDIOVECTOR [오디오벡터] 레퍼런스 스피커(R1 Avantgarde)", "AUDIOVECTOR",7990000, "초고역의 재생이 가능한 AMT트위터 탑재",1,1),
    ("B&W [바워스앤윌킨스] 하이파이 스피커(805 D4)", "B&W",14000000, "이번 800 시리즈의 유일한 북쉘프 스피커",1,1),
    ("Cyrus [사이러스] 하이파이 스피커(One Linear)", "Cyrus",770000, "원본 음원을 가리지 않는 투명하고 깨끗한 창",1,1),
    ("DynAudio [다인오디오] 무선 액티브 스피커(Xeo 10)", "DynAudio",2400000, "작은 공간을 가득 채울 액티브",1,1),
    ("Elipson [엘립손] 하이파이 스피커(Planet L2.0) - Black", "Elipson",1590000, "풍성한 저역과 아름다운 선율",1,1),
    ("Elipson [엘립손] 하이파이 스피커(Prestige FACET 8B)", "Elipson",1170000, "바이와이어링이 가능한 듀얼 바인딩 포스트",1,1),
    ("Genelec [제네렉] 스마트 액티브 동축 스피커(8361)-1pair", "Genelec",24000000, "세상에서 가장 완벽한 동축 스피커 시스템",1,1),
    ("KEF [케프] 스테레오 무선 스트리밍 스피커(LS50 Wireless II)", "KEF",4310000, "무선 하이파이의 종착지",1,1),
    ("KEF [케프] 실외 방수 스피커(Ventura 5)-1개", "KEF",730000, "파티오나 수영장, 요트 위에서도 언제든 음악을 즐길 수 있습니다.",1,1),
    ("KEF [케프] 평판형 벽걸이 스피커(T101)-1조", "KEF",1080000, "슬림한 스피커, 진중한 사운드",1,1),
    ("KEF [케프] 하이파이 스피커(Reference 1 Meta)", "KEF",14600000, "굳건한 장인의 기준 Reference 1 Meta",1,1),
    ("KEF [케프] 하이파이 평면 스피커(T301)-1조", "KEF",1490000, "최고의 홈시어터, 슬림 프로파일 스피커",1,1),
    ("MAGICO [매지코] 스피커(A1)", "MAGICO",13800000, "간결하고 강력한 올인원 네트워크 스피커",1,1),
    ("Monitor Audio [모니터오디오] 북쉘프 스피커(7G Silver 100)", "Monitor Audio",1530000, "평범함을 뛰어넘는 아름다움으로 완성된 북쉘프 스피커",1,1),
    ("PSB 하이파이 스피커(Imagine XA)", "PSB", 863000, "경험과 데이터를 통해 구현한 음향",1,1),
    ("SystemAudio [시스템오디오] 하이파이 스피커(Saxo 5)", "SystemAudio",698000, "10배 더 선명하고 2옥타브 깊은 사운드",1,1),
    ("T+A [티플러스에이] 하이파이 스피커(Caruso R10)", "T+A",2600000, "자연스러우면서 강력한 소리",1,1),
    ("Tangent [탄젠트] 하이파이 스피커(Spectrum X5)", "Tangent",450000, "스타일 살린 북쉘프 스피커",1,1),
    ("Vimberg [빔베르크] 스피커(Amea)", "Vimberg",21000000, "콤팩트 북쉘프의 퍼펙트 하이엔드 사운드",1,1),
    ("Wharfedale [와피데일] 서라운드 스피커(D300 3D)", "Wharfedale",450000, "작은 스피커가 만들어내는 Real 3D Sound",1,1),
    ("Wilson Audio [윌슨오디오] 하이파이 스피커(Alida)", "Wilson Audio",21000000, "조절 가능한 마운팅 시스템",1,1);



INSERT INTO PRODUCT (PRODUCTNAME, COMPANY, PRODUCTPRICE, PRODUCTEXPLAIN, CATEGORYNUM, CATEGORYDETAILNUM) 
VALUES
    ("AUDIOVECTOR [오디오벡터] 레퍼런스 스피커(R3 Avantgarde)", "AUDIOVECTOR",13850000, "초고역의 재생이 가능한 AMT트위터 탑재",1,2),
    ("KEF [케프] 하이파이 스피커(Reference 5 Meta)", "KEF",35600000, "12세대 Uni-Q 드라이버",1,2),
    ("AUDIOVECTOR [오디오벡터] 레퍼런스 스피커(R6 Arrete)", "AUDIOVECTOR",47200000, "역동적이고, 섬세하고, 자연스러운 소리",1,2),
    ("AUDIOVECTOR [오디오벡터] 하이파이 스피커(QR5)", "AUDIOVECTOR",5040000, "깨끗한 고음역부터 강력한 저음까지",1,2),
    ("AUDIOVECTOR [오디오벡터] 하이파이 스피커(QR7)", "AUDIOVECTOR",6990000, "모든 장르에 적합한 스피커",1,2),
    ("B&W [바워스앤윌킨스] 하이파이 스피커(801 D4)", "B&W",60000000, "소리와 과학의 만남",1,2),
    ("DynAudio [다인오디오] 하이파이 스피커(Emit 30)", "DynAudio",2950000, "하이파이의 시작, Emit",1,2),
    ("Elipson [엘립손] 하이파이 스피커(Prestige FACET 34F)", "Elipson",5370000, "높은 감도와 안정적인 임피던스",1,2),
    ("KEF [케프] 하이엔드 스피커(Blade One Meta)", "KEF",56600000, "KEF가 조각한 스피커의 이데아",1,2),
    ("KEF [케프] 하이파이 스피커(Q950)", "KEF",3660000, "화려한 수상경력에 빛나는 깊이와 명료함",1,2),
    ("KEF [케프] 하이파이 스피커(R7 Meta)", "KEF",7700000, "압도적 개방감으로 공간을 초월하다",1,2),
    ("KEF [케프] 하이파이 스피커(R11 Meta)", "KEF",10000000, "R Meta 시리즈 가운데 최상급 모델",1,2),
    ("PSB 하이파이 스피커(Imagine X2T)", "PSB",839000, "경험과 데이터를 통해 구현한 음향",1,2),
    ("PSB 하이파이 스피커(Synchrony T600)", "PSB",13980000, "음악과의 완벽한 동기화",1,2),
    ("SystemAudio [시스템오디오] 하이파이 스피커(Legend 40.2)", "SystemAudio",2680000, "최대 10배 더 선명하고 2옥타브 깊은 사운드",1,2),
    ("Wilson Benesch [윌슨베네시] 하이엔드 스피커(Eminence)", "Wilson Benesch",213100000, "오디오 사운드의 한계를 뛰어넘는 설계와 엔지니어링의 정수",1,2),
    ("Wilson Benesch [윌슨베네시] 하이파이 스피커(P2.0)", "Wilson Benesch",13600000, "무대의 감동을 온전히 전달합니다",1,2);



INSERT INTO PRODUCT (PRODUCTNAME, COMPANY, PRODUCTPRICE, PRODUCTEXPLAIN, CATEGORYNUM, CATEGORYDETAILNUM)
VALUES
    ('NAD [나드] 올인원 네트워크 앰프(M10 V2)', 'NAD',2900000, '수준 높은 Master Series 기술을 이용해 최고의 음악적 성능을 자랑하는 매우 효율적이고 이례적으로 강력한 네트워크 올인원 엠프입니다.',2,3),
    ('Bel Canto [벨칸토] 플래그십 네트워크 프리앰프(Black ASC2)', 'Bel Canto',31200000, '완벽히 차폐된 입력단을 갖춘 디지털 비동기식 컨트롤러입니다.',2,3),
    ('Bluesound [블루사운드] 올인원 네트워크 앰프(POWERNODE EDGE)', 'Bluesound',998000, '네트워크에 연결해 다양한 스트리밍사이트와 팟캐스트, 인터넷 라디오를 즐길 수 있는 컴팩트한 올인원 네트워크 엠프입니다.',2,3),
    ('NAD [나드] AV 네트워크 프리앰프(M17 V2i)', 'NAD',12480000, '새로운 터치 스크린 및 기기 작동을 간소화시킨 여러 변화와 함께 온 여러분이 꿈꾸던 바로 그 홈 시어터 기기입니다.',2,3),
    ('NAD [나드] 올인원 네트워크 앰프(C700)', 'NAD',2300000, '우아하고 미니멀한 디자인, 고급 자제를 사용한 덕에 사용자의 오감을 자극합니다. 스트리밍 서비스 애용자들을 위한 맞춤형 오디오입니다',2,3),
    ('T+A [티플러스에이] 올인원 네트워크 앰프(CALA CDR)', 'T+A',8070000, '고품질 CD 매커니즘으로 동작하는 고성능 메인 연결부를 가지고 음질을 상당히 향상시키는 결과를 가져옵니다.',2,3),
    ('Yamaha [야마하] 올인원 네트워크 앰프(R-N2000A)', 'Yamaha',5200000, '진정한 Hi-Fi 품질을 제공하는 야마하 R-N2000A는 스트리밍 서비스를 포함한 무손실 및 고해상도 음악 소스와 호환되는 차세대 네트워크 HiFi 리시버입니다.',2,3),
    ('CITECH [하이파이로즈] 올인원 네트워크 앰프(RS520)', 'CITECH',4200000, '네트워크 플레이어, DAC, 앰프가 내장되어 있는 일체형 제품입니다.',2,3),
    ('Marantz [마란츠] 스테레오 네트워크 리시버앰프(NR-1200)', 'Marantz',745000, 'HEOS 기술이 내장된 슬림 스테레오 네트워크 리시버.',2,3),
    ('T+A [티플러스에이] 올인원 네트워크 앰프(Caruso R)', 'T+A',5910000, '제한 없는 기능, 세련된 외관과 직관적인 작동에 초점에 맞춘 제품입니다.',2,3);

    
    
INSERT INTO PRODUCT (PRODUCTNAME, COMPANY, PRODUCTPRICE, PRODUCTEXPLAIN, CATEGORYNUM, CATEGORYDETAILNUM)
VALUES
    ('Burmester [버메스터] 하이엔드 인티앰프(032 Inteamp)', 'Burmester',28000000, '650 VA의 거대한 파워 서플라이 용량을 기반으로 안정적인 대전류를 끊김없이 전송함으로써 저임피던스와 복합 부하를 지닌 대형 스피커를 완벽하게 제어해냅니다.',2,4),
    ('Constellation [컨스텔레이션] 하이엔드 인티앰프(Inspiration Integrated 1.0)', 'Constellation',28500000, '650 VA의 거대한 파워 서플라이 용량을 기반으로 안정적인 대전류를 끊김없이 전송함으로써 저임피던스와 복합 부하를 지닌 대형 스피커를 완벽하게 제어해냅니다.',2,4),
    ('DENON [데논] 인티앰프(PMA-A110)', 'DENON',3980000, '오디오 애호가들을 만족시키는 110년의 전통을 바탕으로 디자인된 궁극적인 2채널 Hi-Fi 시스템.',2,4),
    ('Elipson [엘립손] 네트워크 인티앰프(Connect 250)', 'Elipson',419000, '패시브 북셀프 스피커 한 쌍을 쉽게 구동하며, 블루투스 또는 와이파이로 다양한 스트리밍 플랫폰에서 수만 개의 고음질 음원을 재생하거나, 직접 저장해 만든 음악 파일 컬렉션을 재생할 수 있습니다.',2,4),
    ('Goldmund [골드문트] 인티앰프(Telos 590 MK II NEXT GEN 2)', 'Goldmund',38500000, '차세대 NextGen2 앰프 회로 기술을 이용하여 새로 설계된 인티 앰프.',2,4),
    ('Marantz [마란츠] 인티앰프(PM-6007)', 'Marantz',850000, '가장 음악적 사운드를 제공하며 2채널 Hi-Fi 시스템의 다음 단계를 시작하려는 분들에게 이상적인 제품입니다.',2,4),
    ('McIntosh [매킨토시] 인티앰프(MA12000)', 'McIntosh',25000000, '타협하지 않는 오디오 엔지니어링과 전문적인 장인 정신의 산물입니다.',2,4),
    ('SPEC [스펙] 인티앰프(RSA-M99)', 'SPEC',15270000, '실제 악기와 같이 섀시를 지지하는 부분이 천연 목재로 되어 아름다운 소리를 재생할 수 있도록 돕습니다.',2,4),
    ('Bel Canto [벨칸토] 플래그십 네트워크 인티앰프(Black ACI 600)', 'Bel Canto',46800000, '3덩어리로 이루어진 더 시스템(The System)을 정제하여 하나의 아름다운 구조로 통합한 제품입니다.',2,4),
    ('Cambridge Audio [캠브리지오디오] 인티앰프(Edge A)', 'Cambridge Audio',8500000, '다이나믹한 구성 덕분에 리프, 악절, 퍼커션의 롤등 음악의 모든 디테일을 소화해 냅니다.',2,4),
    ('CITECH [하이파이로즈] 하이파이 인티앰프(RA180)', 'CITECH',6500000, '혁신적인 최신 기술들을 적용하여 기존 앰프의 한계를 뛰어넘은 최첨단 인티앰프입니다.',2,4),
    ('Cyrus [사이러스] 하이파이 인티앰프(i7-XR)', 'Cyrus',4790000, '정통 브리티시 사운드를 담은 사이러스의 새로운 AB클래스 인티앰프.',2,4),
    ('DENON [데논] 네트워크 인티앰프(PMA-150H)', 'DENON',1033000, '채널당 70W 출력을 제공하고 HEOS 기술이 내장된 통합 네트워크 앰프.',2,4),
    ('GATO Audio [가토오디오] 인티앰프(DIA-400S)', 'GATO',6500000, '출력단에 고품질 커패시터와 DCR 코일 등을 활용해 PWM 증폭의 효율은 물론 출력 음질에 대해서도 완벽을 기하는 엠프.',2,4),
    ('Luxman [럭스만] 인티앰프(L590AX MK2)', 'Luxman',8500000, '칵테일오디오 X45 Pro 네트워크 CD플레이어, 캐리오디오 SLI-80 진공관엠프 구성한 하이파이 시스템입니다.',2,4),
    ('NAD [나드] 빈티지 스타일 네트워크 인티앰프(C3050 LE)', 'NAD',3080000, '더 이상 여러 앱을 오가거나 룸 튜닝을 하느라 시간과 노력을 들일 필요가 없습니다. 극한까지 확장된 사용자 편의성을 경험해 보세요.',2,4),
    ('Primare [프라이메어] 네트워크 인티앰프(i15 Prisma)', 'Primare',2100000, '네트워크부터 블루투스, 크롬테스트까지 세련된 인티엠프 영국 Hi-Fi 초이스.',2,4),
    ('Sugden Audio [서그덴오디오] 인티앰프(IA-4)', 'Sugden Audio',9800000, '깔끔하고 섬세한 중고역과 윤관이 또렷한 저역의 가지런히 정돈된 소리.',2,4),
    ('T+A [티플러스에이] 하이엔드 인티앰프(PA3100 HV)', 'T+A',35280000, '맑게 정제된 완성도 있는 음악을 전달합니다.',2,4),
    ('Yamaha [야마하] 하이파이 인티앰프(A-S2200)', 'Yamaha',4400000, '고급스럽고 아름다운 악기의 강력하고 감성적이며 진정한 Hi-Fi 사운드',2,4);

    
    
INSERT INTO PRODUCT (PRODUCTNAME, COMPANY, PRODUCTPRICE, PRODUCTEXPLAIN, CATEGORYNUM, CATEGORYDETAILNUM)
VALUES
    ("WH-1000XM5 무선 노이즈 캔슬링 헤드폰", "SONY",499000, "최고의 노이즈 캔슬링 기술이 더욱 향상",3,5),
    ("[BOSE] 보스 정품 QC45 노이즈캔슬링 블루투스헤드폰", "BOSE",389000, "고요함의 아이콘. 편안함. 그리고 사운드.",3,5),
    ("[BOSE] 보스 정품 노이즈캔슬링 업무용 헤드폰 700 UC 블루투스 동글", "BOSE",660000, "더욱 선명한 음성, 사용자 편의에 따라 설정 가능한 맞춤 컨트롤",3,5),
    ("AirPods Max 에어팟 맥스 - 실버 MGYJ3KH/A", "Apple",769000, "듣다. 빠져들다. 궁극의 청취 경험",3,5),
    ("마샬 Major IV", "MARSHALL",190000, "블루투스 연결 시, 최대 80간의 재생시간을 자랑하는 메이저4는 무선충전을 지원",3,5),
    ("[레이저] 헤드셋 크라켄 키티 (Kraken Kitty V2 Pro Quartz)", "RAZER",299000, "특별한 스트리밍을 위한 헤드셋, 3개의 교환 가능한 귀 디자인을 통해 스트리밍을 한층 더 다양하게 표현",3,5),
    ("[야마하] 블루투스 노이즈캔슬링 헤드폰 (YH-L700A)", "Yamaha",599000, "독자적인 HRTF오디오 기술을 사용",3,5),
    ("[메제] 평판형 헤드폰 리릭 (LIRIC)", "MEZE",2880000, "리나로의 등자력 하이브리드 배열 드라이버를 사용한 최초의 밀폐형 헤드폰",3,5);



INSERT INTO PRODUCT (PRODUCTNAME, COMPANY, PRODUCTPRICE, PRODUCTEXPLAIN, CATEGORYNUM, CATEGORYDETAILNUM)
VALUES
    ("[뱅앤올룹슨] 노이즈캔슬링 블루투스 이어폰 (Beoplay EX)", "B&O",499000, "BEOPLAY EX 차세대 무선 이어버드",3,6),
    ("[바워스앤윌킨스] 노이즈캔슬링 무선 이어폰 (PI7 S2)", "Bowers & Wilkins",638000, "사실 그대로의 사운드로 더욱 새로워진 완벽한 고해상도 무선이어폰",3,6),
    ("[파이널] 코드리스 이어폰 (ZE3000)", "Final", 199000, "음악공학 및 정신 음향학 연구를 기반으로 설계된 클래식한 오디오 파일 등급의 무선 이어폰",3,6),
    ("[젠하이저] 블루투스 이어폰 M3 IETW3 (MOMENTUM True Wireless 3)", "Sennheiser",379000, "음악 본연의 사운드가 선사하는 감동 아날로그 어쿠스틱 사운드",3,6),
    ("[소니] 블루투스 이어폰 (WF-1000XM4)", "SONY",320000, "새로운 차원의 몰입의 즐거움을 경험하다",3,6),
    ("[BOSE] 보스 정품 QC 이어버드 2 노이즈캔슬링 블루투스 완전 무선 이어폰", "BOSE",359000, "내 귀를 사로잡는 최고의 맞춤형 사운드",3,6),
    ("[BOSE] 보스 정품 QC 이어버드 노이즈캔슬링 블루투스 완전 무선 이어폰", "BOSE",299000, "세계 최고 수준의 노이즈캔슬링",3,6),
    ("AirPods Pro 에어팟 프로 (2세대) MQD83KH/A", "Apple",359000, "듣는다는 것을 다시 생각하다",3,6),
    ("AirPods 에어팟 3세대 MagSafe 충전 케이스 모델 MME73KH/A", "Apple",269000, "동적 머리 추적 기술로 구현되는 공간 음향",3,6),
    ("마샬 마이너(minor) 3", "MARSHALL",199000, "향샹된 베이스,부드러운 미드, 맑은 고도를 제공하는 맞춤형 12mm드라이버",3,6),
    ("[가우디오] 이어폰 클라리덴 (Clariden 2022)", "GAUDIO",1540000, "스위스에서 개발된 고급 티탄늄 기반 양극 산화 코팅 기술, 정확한 사운드 구현과 원음 그대로의 자연스러움",3,6);
  
    

INSERT INTO IMAGES (PATH, PRODUCTNUM) VALUES
("assets/img/PRODUCT1 (1).jpeg",1),
("assets/img/PRODUCT1 (2).jpeg",1),
("assets/img/PRODUCT1 (3).jpeg",1),
("assets/img/PRODUCT1 (4).jpeg",1),
("assets/img/PRODUCT1 (5).jpeg",1),
("assets/img/PRODUCT2 (1).jpeg",2),
("assets/img/PRODUCT2 (2).jpeg",2),
("assets/img/PRODUCT2 (3).jpeg",2),
("assets/img/PRODUCT3 (1).jpeg",3),
("assets/img/PRODUCT3 (2).jpeg",3),
("assets/img/PRODUCT3 (3).jpeg",3),
("assets/img/PRODUCT3 (4).jpeg",3),
("assets/img/PRODUCT4 (1).jpeg",4),
("assets/img/PRODUCT4 (2).jpeg",4),
("assets/img/PRODUCT4 (3).jpeg",4),
("assets/img/PRODUCT5 (1).jpeg",5),
("assets/img/PRODUCT5 (2).jpeg",5),
("assets/img/PRODUCT5 (3).jpeg",5),
("assets/img/PRODUCT6 (1).jpeg",6),
("assets/img/PRODUCT6 (2).jpeg",6),
("assets/img/PRODUCT6 (3).jpeg",6),
("assets/img/PRODUCT6 (4).jpeg",6),
("assets/img/PRODUCT7 (1).jpeg",7),
("assets/img/PRODUCT7 (2).jpeg",7),
("assets/img/PRODUCT7 (3).jpeg",7),
("assets/img/PRODUCT8 (1).jpeg",8),
("assets/img/PRODUCT8 (2).jpeg",8),
("assets/img/PRODUCT8 (3).jpeg",8),
("assets/img/PRODUCT8 (4).jpeg",8),
("assets/img/PRODUCT9 (1).jpeg",9),
("assets/img/PRODUCT9 (2).jpeg",9),
("assets/img/PRODUCT9 (3).jpeg",9),
("assets/img/PRODUCT10 (1).jpeg",10),
("assets/img/PRODUCT10 (2).jpeg",10),
("assets/img/PRODUCT10 (3).jpeg",10),
("assets/img/PRODUCT10 (4).jpeg",10),
("assets/img/PRODUCT11 (1).jpeg",11),
("assets/img/PRODUCT11 (2).jpeg",11),
("assets/img/PRODUCT11 (3).jpeg",11),
("assets/img/PRODUCT11 (4).jpeg",11),
("assets/img/PRODUCT12 (1).jpeg",12),
("assets/img/PRODUCT12 (2).jpeg",12),
("assets/img/PRODUCT12 (3).jpeg",12),
("assets/img/PRODUCT12 (4).jpeg",12),
("assets/img/PRODUCT13 (1).jpeg",13),
("assets/img/PRODUCT13 (2).jpeg",13),
("assets/img/PRODUCT13 (3).jpeg",13),
("assets/img/PRODUCT14 (1).jpeg",14),
("assets/img/PRODUCT14 (2).jpeg",14),
("assets/img/PRODUCT14 (3).jpeg",14),
("assets/img/PRODUCT15 (1).jpeg",15),
("assets/img/PRODUCT15 (2).jpeg",15),
("assets/img/PRODUCT15 (3).jpeg",15),
("assets/img/PRODUCT16 (1).jpeg",16),
("assets/img/PRODUCT16 (2).jpeg",16),
("assets/img/PRODUCT16 (3).jpeg",16),
("assets/img/PRODUCT16 (4).jpeg",16),
("assets/img/PRODUCT17 (1).jpeg",17),
("assets/img/PRODUCT17 (2).jpeg",17),
("assets/img/PRODUCT17 (3).jpeg",17),
("assets/img/PRODUCT17 (4).jpeg",17),
("assets/img/PRODUCT18 (1).jpeg",18),
("assets/img/PRODUCT18 (2).jpeg",18),
("assets/img/PRODUCT18 (3).jpeg",18),
("assets/img/PRODUCT18 (4).jpeg",18),
("assets/img/PRODUCT19 (1).jpeg",19),
("assets/img/PRODUCT19 (2).jpeg",19),
("assets/img/PRODUCT19 (3).jpeg",19),
("assets/img/PRODUCT20 (1).jpeg",20),
("assets/img/PRODUCT20 (2).jpeg",20),
("assets/img/PRODUCT20 (3).jpeg",20),
("assets/img/PRODUCT20 (4).jpeg",20),
("assets/img/PRODUCT21 (1).jpeg",21),
("assets/img/PRODUCT21 (2).jpeg",21),
("assets/img/PRODUCT21 (3).jpeg",21),
("assets/img/PRODUCT22 (1).jpeg",22),
("assets/img/PRODUCT22 (2).jpeg",22),
("assets/img/PRODUCT22 (3).jpeg",22),
("assets/img/PRODUCT22 (4).jpeg",22),
("assets/img/PRODUCT23 (1).jpeg",23),
("assets/img/PRODUCT23 (2).jpeg",23),
("assets/img/PRODUCT23 (3).jpeg",23),
("assets/img/PRODUCT23 (4).jpeg",23),
("assets/img/PRODUCT24 (1).jpeg",24),
("assets/img/PRODUCT24 (2).jpeg",24),
("assets/img/PRODUCT24 (3).jpeg",24),
("assets/img/PRODUCT24 (4).jpeg",24),
("assets/img/PRODUCT24 (5).jpeg",24),
("assets/img/PRODUCT25 (1).jpeg",25),
("assets/img/PRODUCT25 (2).jpeg",25),
("assets/img/PRODUCT25 (3).jpeg",25),
("assets/img/PRODUCT25 (4).jpeg",25),
("assets/img/PRODUCT26 (1).jpeg",26),
("assets/img/PRODUCT26 (2).jpeg",26),
("assets/img/PRODUCT26 (3).jpeg",26),
("assets/img/PRODUCT26 (4).jpeg",26),
("assets/img/PRODUCT27 (1).jpeg",27),
("assets/img/PRODUCT27 (2).jpeg",27),
("assets/img/PRODUCT27 (3).jpeg",27),
("assets/img/PRODUCT27 (4).jpeg",27),
("assets/img/PRODUCT28 (1).jpeg",28),
("assets/img/PRODUCT28 (2).jpeg",28),
("assets/img/PRODUCT28 (3).jpeg",28),
("assets/img/PRODUCT28 (4).jpeg",28),
("assets/img/PRODUCT29 (1).jpeg",29),
("assets/img/PRODUCT29 (2).jpeg",29),
("assets/img/PRODUCT29 (3).jpeg",29),
("assets/img/PRODUCT30 (1).jpeg",30),
("assets/img/PRODUCT30 (2).jpeg",30),
("assets/img/PRODUCT30 (3).jpeg",30),
("assets/img/PRODUCT30 (4).jpeg",30),
("assets/img/PRODUCT31 (1).jpeg",31),
("assets/img/PRODUCT31 (2).jpeg",31),
("assets/img/PRODUCT31 (3).jpeg",31),
("assets/img/PRODUCT32 (1).jpeg",32),
("assets/img/PRODUCT32 (2).jpeg",32),
("assets/img/PRODUCT32 (3).jpeg",32),
("assets/img/PRODUCT32 (4).jpeg",32),
("assets/img/PRODUCT33 (1).jpeg",33),
("assets/img/PRODUCT33 (2).jpeg",33),
("assets/img/PRODUCT33 (3).jpeg",33),
("assets/img/PRODUCT33 (4).jpeg",33),
("assets/img/PRODUCT34 (1).jpeg",34),
("assets/img/PRODUCT34 (2).jpeg",34),
("assets/img/PRODUCT34 (3).jpeg",34),
("assets/img/PRODUCT34 (4).jpeg",34),
("assets/img/PRODUCT35 (1).jpeg",35),
("assets/img/PRODUCT35 (2).jpeg",35),
("assets/img/PRODUCT35 (3).jpeg",35),
("assets/img/PRODUCT35 (4).jpeg",35),
("assets/img/PRODUCT36 (1).jpeg",36),
("assets/img/PRODUCT36 (2).jpeg",36),
("assets/img/PRODUCT36 (3).jpeg",36),
("assets/img/PRODUCT36 (4).jpeg",36),
("assets/img/PRODUCT37 (1).jpeg",37),
("assets/img/PRODUCT37 (2).jpeg",37),
("assets/img/PRODUCT37 (3).jpeg",37),
("assets/img/PRODUCT37 (4).jpeg",37),
("assets/img/PRODUCT38 (1).jpeg",38),
("assets/img/PRODUCT38 (2).jpeg",38),
("assets/img/PRODUCT38 (3).jpeg",38),
("assets/img/PRODUCT38 (4).jpeg",38),
("assets/img/PRODUCT39 (1).jpeg",39),
("assets/img/PRODUCT39 (2).jpeg",39),
("assets/img/PRODUCT39 (3).jpeg",39),
("assets/img/PRODUCT39 (4).jpeg",39),
("assets/img/PRODUCT40 (1).jpeg",40),
("assets/img/PRODUCT40 (2).jpeg",40),
("assets/img/PRODUCT40 (3).jpeg",40),
("assets/img/PRODUCT40 (4).jpeg",40),
("assets/img/PRODUCT41 (1).jpeg",41),
("assets/img/PRODUCT41 (2).jpeg",41),
("assets/img/PRODUCT41 (3).jpeg",41),
("assets/img/PRODUCT41 (4).jpeg",41),
("assets/img/PRODUCT42 (1).jpeg",42),
("assets/img/PRODUCT42 (2).jpeg",42),
("assets/img/PRODUCT42 (3).jpeg",42),
("assets/img/PRODUCT42 (4).jpeg",42),
("assets/img/PRODUCT43 (1).jpeg",43),
("assets/img/PRODUCT43 (2).jpeg",43),
("assets/img/PRODUCT43 (3).jpeg",43),
("assets/img/PRODUCT44 (1).jpeg",44),
("assets/img/PRODUCT44 (2).jpeg",44),
("assets/img/PRODUCT44 (3).jpeg",44),
("assets/img/PRODUCT44 (4).jpeg",44),
("assets/img/PRODUCT45 (1).jpeg",45),
("assets/img/PRODUCT45 (2).jpeg",45),
("assets/img/PRODUCT45 (3).jpeg",45),
("assets/img/PRODUCT45 (4).jpeg",45),
("assets/img/PRODUCT46 (1).jpeg",46),
("assets/img/PRODUCT46 (2).jpeg",46),
("assets/img/PRODUCT46 (3).jpeg",46),
("assets/img/PRODUCT46 (4).jpeg",46),
("assets/img/PRODUCT47 (1).jpeg",47),
("assets/img/PRODUCT47 (2).jpeg",47),
("assets/img/PRODUCT48 (1).jpeg",48),
("assets/img/PRODUCT48 (2).jpeg",48),
("assets/img/PRODUCT48 (3).jpeg",48),
("assets/img/PRODUCT48 (4).jpeg",48),
("assets/img/PRODUCT48 (5).jpeg",48),
("assets/img/PRODUCT49 (1).jpeg",49),
("assets/img/PRODUCT49 (2).jpeg",49),
("assets/img/PRODUCT49 (3).jpeg",49),
("assets/img/PRODUCT49 (4).jpeg",49),
("assets/img/PRODUCT50 (1).jpeg",50),
("assets/img/PRODUCT50 (2).jpeg",50),
("assets/img/PRODUCT50 (3).jpeg",50),
("assets/img/PRODUCT51 (1).jpeg",51),
("assets/img/PRODUCT51 (2).jpeg",51),
("assets/img/PRODUCT51 (3).jpeg",51),
("assets/img/PRODUCT51 (4).jpeg",51),
("assets/img/PRODUCT52 (1).jpeg",52),
("assets/img/PRODUCT52 (2).jpeg",52),
("assets/img/PRODUCT52 (3).jpeg",52),
("assets/img/PRODUCT52 (4).jpeg",52),
("assets/img/PRODUCT53 (1).jpeg",53),
("assets/img/PRODUCT53 (2).jpeg",53),
("assets/img/PRODUCT53 (3).jpeg",53),
("assets/img/PRODUCT54 (1).jpeg",54),
("assets/img/PRODUCT54 (2).jpeg",54),
("assets/img/PRODUCT54 (3).jpeg",54),
("assets/img/PRODUCT54 (4).jpeg",54),
("assets/img/PRODUCT55 (1).jpeg",55),
("assets/img/PRODUCT55 (2).jpeg",55),
("assets/img/PRODUCT55 (3).jpeg",55),
("assets/img/PRODUCT56 (1).jpeg",56),
("assets/img/PRODUCT56 (2).jpeg",56),
("assets/img/PRODUCT57 (1).jpeg",57),
("assets/img/PRODUCT57 (2).jpeg",57),
("assets/img/PRODUCT57 (3).jpeg",57),
("assets/img/PRODUCT57 (4).jpeg",57),
("assets/img/PRODUCT58 (1).jpeg",58),
("assets/img/PRODUCT58 (2).jpeg",58),
("assets/img/PRODUCT58 (3).jpeg",58),
("assets/img/PRODUCT59 (1).jpeg",59),
("assets/img/PRODUCT59 (2).jpeg",59),
("assets/img/PRODUCT59 (3).jpeg",59),
("assets/img/PRODUCT60 (1).jpeg",60),
("assets/img/PRODUCT60 (2).jpeg",60),
("assets/img/PRODUCT60 (3).jpeg",60),
("assets/img/PRODUCT60 (4).jpeg",60),
("assets/img/PRODUCT61 (1).jpeg",61),
("assets/img/PRODUCT61 (2).jpeg",61),
("assets/img/PRODUCT61 (3).jpeg",61),
("assets/img/PRODUCT61 (4).jpeg",61),
("assets/img/PRODUCT62 (1).jpeg",62),
("assets/img/PRODUCT62 (2).jpeg",62),
("assets/img/PRODUCT62 (3).jpeg",62),
("assets/img/PRODUCT63 (1).jpeg",63),
("assets/img/PRODUCT63 (2).jpeg",63),
("assets/img/PRODUCT63 (3).jpeg",63),
("assets/img/PRODUCT64 (1).jpeg",64),
("assets/img/PRODUCT64 (2).jpeg",64),
("assets/img/PRODUCT64 (3).jpeg",64),
("assets/img/PRODUCT65 (1).jpeg",65),
("assets/img/PRODUCT65 (2).jpeg",65),
("assets/img/PRODUCT65 (3).jpeg",65),
("assets/img/PRODUCT65 (4).jpeg",65),
("assets/img/PRODUCT66 (1).jpeg",66),
("assets/img/PRODUCT66 (2).jpeg",66),
("assets/img/PRODUCT66 (3).jpeg",66),
("assets/img/PRODUCT67 (1).jpeg",67),
("assets/img/PRODUCT67 (2).jpeg",67),
("assets/img/PRODUCT67 (3).jpeg",67),
("assets/img/PRODUCT67 (4).jpeg",67),
("assets/img/PRODUCT68 (1).jpeg",68),
("assets/img/PRODUCT68 (2).jpeg",68),
("assets/img/PRODUCT68 (3).jpeg",68),
("assets/img/PRODUCT69 (1).jpeg",69),
("assets/img/PRODUCT69 (2).jpeg",69),
("assets/img/PRODUCT70 (1).jpeg",70),
("assets/img/PRODUCT70 (2).jpeg",70),
("assets/img/PRODUCT71 (1).jpeg",71),
("assets/img/PRODUCT72 (1).jpeg",72),
("assets/img/PRODUCT72 (2).jpeg",72),
("assets/img/PRODUCT73 (1).jpeg",73),
("assets/img/PRODUCT73 (2).jpeg",73),
("assets/img/PRODUCT73 (3).jpeg",73),
("assets/img/PRODUCT73 (4).jpeg",73),
("assets/img/PRODUCT74 (1).jpeg",74),
("assets/img/PRODUCT74 (2).jpeg",74),
("assets/img/PRODUCT74 (3).jpeg",74),
("assets/img/PRODUCT75 (1).jpeg",75),
("assets/img/PRODUCT75 (2).jpeg",75),
("assets/img/PRODUCT76 (1).jpeg",76),
("assets/img/PRODUCT76 (2).jpeg",76),
("assets/img/PRODUCT77 (1).jpeg",77),
("assets/img/PRODUCT77 (2).jpeg",77),
("assets/img/PRODUCT78 (1).jpeg",78),
("assets/img/PRODUCT78 (2).jpeg",78),
("assets/img/PRODUCT78 (3).jpeg",78),
("assets/img/PRODUCT79 (1).jpeg",79),
("assets/img/PRODUCT79 (2).jpeg",79),
("assets/img/PRODUCT79 (3).jpeg",79),
("assets/img/PRODUCT80 (1).jpeg",80),
("assets/img/PRODUCT80 (2).jpeg",80),
("assets/img/PRODUCT80 (3).jpeg",80),
("assets/img/PRODUCT80 (4).jpeg",80),
("assets/img/PRODUCT81 (1).jpeg",81),
("assets/img/PRODUCT81 (2).jpeg",81),
("assets/img/PRODUCT81 (3).jpeg",81),
("assets/img/PRODUCT82 (1).jpeg",82),
("assets/img/PRODUCT82 (2).jpeg",82),
("assets/img/PRODUCT83 (1).jpeg",83),
("assets/img/PRODUCT83 (2).jpeg",83),
("assets/img/PRODUCT84 (1).jpeg",84),
("assets/img/PRODUCT84 (2).jpeg",84),
("assets/img/PRODUCT85 (1).jpeg",85),
("assets/img/PRODUCT85 (2).jpeg",85),
("assets/img/PRODUCT86 (1).jpeg",86),
("assets/img/PRODUCT87 (1).jpeg",87);

    

INSERT INTO MEMBER (MEMBERID, MEMBERPW, MEMBERNAME, PHONENUMBER, ZIPCODE, ADDRESS, ADDRESSDETAIL, EMAIL)
VALUES
('jin','1234','이진','01011112222',98105,'서울시 광진구 화양동 37-5','B05호','gmail@gmail.com'),
('id1', '1234', 'John Smith', '01033334444', 01100, '서울시 성북구 정릉', '가동 411호', 'john@daum.net'),
('id2', '1234', '제인 스미스', '01044445555', 01108, '고양시 일산동구', 'A동 1113호', 'jane@gmail.com'),
('id3', '1234', '지석진', '01055556666', 01111, '부산 광역시 연제구', '중앙대로 1001', 'michael@naver.com'),
('id4', '1234', '다나카', '01066667777', NULL, NULL, NULL, 'emily@yahoo.com'),
('id5', '1234', 'David Lee', '01077778888', 01119, '인천광역시 서구', '고산후로 121번길 7', 'david@gmail.com');

INSERT INTO MEMBER (MEMBERID, MEMBERPW, MEMBERNAME, PHONENUMBER, EMAIL)
VALUES
('id6', '1234', '존윅', '01066666666', 'john@gmail.com');

INSERT INTO WISHLIST (MEMBERID, PRODUCTNUM) VALUES
('jin', 78),
('id1', 56),
('id2', 77),
('id3', 26),
('id4', 68),
('id5', 87);

INSERT INTO PAY (PAYMETHOD,MEMBERID) VALUES
('신용카드','jin'),
('신용카드','id1'),
('신용카드','id2'),
('카카오페이','id3'),
('토스페이','id4'),
('신용카드','id5');

INSERT INTO PAYDETAIL (PAYNUM,PRODUCTNUM,PAYCOUNT) VALUES
(1,39,2),
(1,79,1),
(1,25,5),
(2,55,1),
(2,67,1),
(3,75,3),
(4,24,1),
(4,66,2),
(5,87,3);

 
